,,Google,WoS
2012,Dec,5,
2013,May,6,
2013,Oct,7,
2014,Jul,8,
2015,Jan,9,
2015,Jul,10,
2015,Oct,11,
2016,Mar,12,
2016,Aug,13,
2016,Dec,14,
2017,Jun,15,
2017,Nov,16,
2018,Jan,17,
2018,Apr,18,
2018,May,19,
2019,Feb,20,
2019,Mar,21,
2019,Jul,22,
2019,Aug,23,
2019,Sep,24,
2019,Nov,25,19
2020,Jan,25,20
2020,Mar,26,20
2020,May,27,20
2020,Jul,27,21
2020,Sep,28,22
2020,Oct,29,23
2020,Nov,29,24
2021,Jan,30,24
2021,Feb,31,24
2021,Mar,31,25
2021,Sep,32,27
2022,Mar,33,27
2022,May,33,28
2022,Jun,34,28
2022,Jun,35,28
2022,Sep,36,28
2022,Nov,36,29
2022,Nov,37,29
2023,Jan,37,30
2023,Mar,38,30
2023,Apr,39,30
2023,May,39,31
2023,May,40,31
2023,Jun,40,32
2023,Jul,41,32
2023,Aug,41,33
2023,Sep,41,34
2023,Oct,42,34
2023,Nov,43,34
2023,Dec,43,35
2024,Feb,43,36
2024,Mar,43,37
2024,May,44,37
2024,Jun,45,37
2024,Nov,45,38
2024,Nov,46,38
2024,Dec,47,38
2025,Jan,47,39
2025,Feb,47,40
2025,Feb,48,40
2025,Feb,48,41
2025,Apr,49,41
2025,Apr,49,42
2025,Aug,50,42
